Giocatore,Ruolo,Squadra,Tier Gol/90,Tier Assist/90,Tier Gol+Assist/90,Tier xG/90,Tier xA/90,Tier xG+xA/90,Tier Occasioni create,Tier Passaggi chiave,Tier Pressioni,Tier Progressioni palla (Carry/90),Tier Progressioni palla (Pass/90),Tier Progressioni palla (Ricezione/90),Tier xG senza rigori,Tier Gol senza rigori/90,Tier Differenza Gol-xG,Tier Differenza Assist-xA,Tier Cartellini/90,Tier Espulsioni/90,Tier Ammonizioni/90
de Gea,P,,B,C,C,B,C,C,C,C,C,B,B,B,,B,B,C,B,C,B
Montipò,P,,B,B,B,B,B,B,C,C,C,B,C,B,,B,B,C,C,C,C
Sommer,P,Inter,B,B,B,B,B,B,C,C,C,B,C,B,,B,B,C,C,C,C
Provedel,P,Lazio,B,B,B,B,C,C,C,C,C,B,C,B,,B,B,S,C,C,C
Mandas,P,Lazio,B,B,B,B,B,B,C,B,C,B,C,B,,B,B,C,C,C,C
Svilar,P,Roma,B,B,B,B,B,B,C,C,C,B,C,B,,B,B,C,B,C,B
Di Gregorio,P,Juventus,B,B,B,B,C,C,C,C,C,B,B,B,,B,B,S,C,C,C
Audero,P,Cremonese,B,B,B,B,B,B,C,B,C,B,B,B,,B,B,C,C,C,C
Meret,P,Napoli,B,B,B,B,B,B,C,C,A,B,C,B,,B,B,C,C,C,C
Scuffet,P,Pisa,B,B,B,B,B,B,C,B,C,B,B,B,,B,B,C,C,C,C
Okoye,P,Udinese,B,B,B,B,B,B,C,C,C,B,C,B,,B,B,C,A,C,A
Carnesecchi,P,Atalanta,B,B,B,B,C,C,C,C,C,B,B,B,,B,B,S,B,C,B
Chichizola,P,,B,B,B,B,B,B,C,S,C,B,C,B,,B,B,C,C,C,C
Maignan,P,Milan,B,B,B,B,C,C,C,C,B,B,C,B,,B,B,S,B,C,B
Martinez,P,Inter,B,B,B,B,C,C,C,A,C,B,B,B,,B,B,A,C,C,C
Patrício,P,,B,B,B,B,B,B,C,A,C,B,B,B,,B,B,C,C,C,C
Perilli,P,Verona,B,B,B,B,B,B,C,A,C,B,B,B,,B,B,C,C,C,C
Perin,P,Juventus,B,B,B,B,B,B,C,A,C,B,B,B,,B,B,C,C,C,C
Silvestri,P,Cremonese,B,B,B,B,B,B,C,A,C,B,B,B,,B,B,C,C,C,C
Terracciano,P,Cremonese,B,B,B,B,B,B,C,A,C,B,B,B,,B,B,C,C,C,C
Falcone,P,Lecce,B,B,B,B,B,B,C,C,C,B,B,B,,B,B,C,A,C,A
Leali,P,Genoa,B,B,B,B,B,B,C,C,C,B,B,B,,B,B,C,A,C,A
Vásquez,P,,B,B,B,B,B,B,C,C,C,B,B,B,,B,B,C,A,C,A
Musso,P,,B,B,B,B,B,B,C,S,C,B,B,B,,B,B,C,C,C,C
Padelli,P,Udinese,B,B,B,B,B,B,C,S,C,B,B,B,,B,B,C,C,C,C
Paleari,P,Torino,B,B,B,B,B,B,C,S,C,B,B,B,,B,B,C,C,C,C
Seghetti,P,,B,B,B,B,B,B,C,S,C,B,B,B,,B,B,C,C,C,C
Sherri,P,,B,B,B,B,B,B,C,B,A,B,B,B,,B,B,C,C,C,C
Turati,P,Sassuolo,B,B,B,B,B,B,C,C,B,B,B,B,,B,B,C,B,C,A
Radu,P,,B,B,B,B,B,B,C,C,C,B,B,B,,B,B,C,A,C,S
Butez,P,Como,B,B,B,B,B,B,S,C,A,B,C,B,,B,B,C,C,C,C
Caprile,P,Cagliari,B,B,B,B,B,B,A,C,A,B,B,B,,B,B,C,C,C,C
Milinković-Savić,P,,B,B,B,B,C,C,C,C,C,B,B,B,,B,B,A,S,C,S
Skorupski,P,Bologna,B,B,B,B,B,B,C,C,A,B,B,B,,B,B,C,A,C,A
Gollini,P,Roma,B,B,B,B,B,B,C,B,C,B,B,B,,B,B,C,S,C,S
Sava,P,Udinese,B,B,B,B,B,B,C,B,C,B,B,B,,B,B,C,S,C,S
Siegrist,P,Genoa,B,B,B,B,B,B,C,A,S,B,B,B,,B,B,C,C,C,C
Joronen,P,,B,B,B,B,B,B,S,B,A,B,B,B,,B,B,C,C,C,C
Ravaglia,P,Bologna,B,B,B,B,B,B,S,B,A,B,B,B,,B,B,C,C,C,C
Stankovic,P,,B,B,B,B,B,B,C,C,S,B,B,B,,B,B,C,A,C,S
Suzuki,P,Parma,B,B,B,B,B,B,C,C,B,B,B,B,,B,B,C,S,S,A
Pizzignacco,P,,B,B,B,B,B,B,S,B,S,B,B,B,,B,B,C,C,C,C
Reina,P,,B,B,B,B,B,B,C,B,S,B,B,B,,B,B,C,S,S,C
Sportiello,P,Atalanta,B,B,B,B,B,B,S,S,S,B,B,B,,B,B,C,C,C,C
Zappacosta,D,Atalanta,C,C,C,C,C,C,C,C,C,C,C,C,C,C,C,B,C,C,C
Kyriakopoulos,D,,C,C,C,B,C,C,C,C,C,C,C,C,C,C,C,C,C,C,C
Angeliño,D,,C,C,C,C,C,C,C,C,C,C,C,C,C,C,C,S,C,C,C
Di Lorenzo,D,Napoli,C,C,C,C,C,C,C,C,C,C,C,C,C,C,C,S,C,C,C
Dimarco,D,Inter,C,C,C,C,C,C,C,C,B,C,C,C,C,C,C,C,C,C,C
Valeri,D,Parma,C,C,C,C,C,C,C,C,C,C,B,C,C,C,C,C,C,C,C
Gosens,D,Fiorentina,C,C,C,C,C,C,C,C,C,C,C,C,C,C,C,C,B,C,B
Bellanova,D,Atalanta,B,C,C,C,C,C,C,C,C,C,C,C,B,B,S,C,C,C,C
Olivera,D,Napoli,B,C,C,C,C,C,C,C,C,C,C,C,B,B,S,C,C,C,C
Cambiaso,D,Juventus,C,C,C,B,C,C,B,C,B,C,C,C,C,C,C,C,C,C,C
Zortea,D,Bologna,C,C,C,C,C,C,C,C,C,C,A,C,C,C,C,A,C,C,C
Augello,D,,B,C,C,A,C,C,C,C,C,C,C,C,B,B,B,C,C,C,C
Augusto,D,,C,C,C,C,C,C,B,B,B,C,C,C,C,C,C,C,C,C,C
Ellertsson,D,Genoa,C,C,C,C,C,C,C,C,C,C,S,C,C,C,C,C,C,C,C
Saelemaekers,D,Milan,C,C,C,C,C,C,C,C,B,C,C,C,C,C,C,C,B,C,B
Spinazzola,D,Napoli,C,C,C,C,C,C,B,C,B,C,C,C,C,C,C,S,C,C,C
Zappa,D,Cagliari,C,B,B,B,C,C,C,C,C,C,C,C,C,C,C,S,C,C,C
Biraghi,D,Torino,C,B,B,C,C,C,C,C,C,C,B,C,C,C,C,S,C,C,C
Djimsiti,D,Atalanta,C,C,C,C,C,C,C,C,C,C,C,B,C,C,S,C,B,C,B
Birindelli,D,,C,B,C,C,C,C,C,C,C,C,A,C,C,C,C,S,C,C,C
Luperto,D,Cagliari,C,C,C,C,C,C,C,C,C,B,B,A,C,C,S,C,C,C,C
Pavlović,D,,C,C,C,C,C,C,C,C,C,C,C,B,C,C,C,B,C,S,C
Rrahmani,D,Napoli,C,C,C,C,B,C,C,C,C,B,C,S,C,C,S,C,C,C,C
Zerbin,D,Cremonese,C,C,C,C,C,C,C,C,C,C,C,C,C,C,A,S,B,C,B
Aurel Bisseck,D,,C,C,C,C,C,C,B,C,B,C,C,C,C,C,C,C,B,C,B
Hernández,D,,C,C,C,C,C,C,C,C,C,C,C,C,C,C,C,S,C,A,C
Martín,D,,B,C,C,B,C,C,C,C,C,C,B,C,B,B,S,C,C,C,C
Weah,D,Juventus,C,C,C,C,C,C,B,C,B,C,C,C,C,C,C,C,B,C,B
Zemura,D,Udinese,C,C,C,C,C,C,B,B,B,C,B,C,C,C,C,C,C,C,C
Buongiorno,D,Napoli,C,B,B,B,B,B,C,C,C,C,C,B,C,C,C,A,C,C,C
Dodô,D,,B,C,C,C,C,C,C,C,C,C,C,C,B,B,S,C,B,C,B
Haps,D,,C,C,C,C,C,C,B,B,B,C,C,C,C,C,B,C,C,C,B
Solet,D,Udinese,C,C,C,C,C,C,C,C,C,C,C,B,C,C,C,C,B,S,C
Bastoni,D,Inter,C,C,C,B,C,C,C,C,C,C,C,C,C,C,C,C,B,A,B
Lazović,D,,C,C,C,C,C,C,B,C,B,C,B,C,C,C,A,A,C,C,C
Darmian,D,Inter,C,C,C,C,C,C,B,C,B,B,A,C,C,C,C,C,C,C,C
Dorgu,D,,C,C,C,C,C,C,C,C,C,C,B,C,C,C,B,A,C,S,C
Dumfries,D,Inter,C,C,C,C,C,C,B,C,B,C,B,C,C,C,C,S,C,C,B
El Shaarawy,D,Roma,C,C,C,C,C,C,A,B,A,C,C,C,C,C,C,C,C,C,C
Gabbia,D,Milan,C,B,C,C,A,B,C,C,C,B,C,S,C,C,C,B,C,C,C
Holm,D,Bologna,C,C,C,C,C,C,B,B,B,C,C,C,C,C,C,C,B,C,B
Marušić,D,,C,B,C,C,B,C,B,C,B,B,C,C,C,C,C,A,C,C,C
Miranda,D,Bologna,B,C,C,B,C,C,C,C,C,C,C,C,B,B,A,B,C,A,C
Ruggeri,D,,B,C,C,A,C,C,B,C,B,C,C,C,B,B,B,C,C,C,C
Savona,D,Juventus,C,C,C,B,C,C,B,C,B,C,C,C,C,C,C,B,B,C,B
Zampano,D,,C,C,C,C,C,C,B,C,C,C,A,C,C,C,C,C,B,C,B
Candela,D,,B,C,C,B,C,C,C,B,C,B,B,C,B,B,B,C,C,C,C
Kabasele,D,Udinese,C,B,C,C,B,C,B,B,C,B,C,B,C,C,C,A,C,C,C
Sabelli,D,Genoa,B,C,C,A,C,B,B,C,B,C,C,C,B,B,C,C,C,C,C
Çelik,D,,B,C,C,B,C,B,C,C,C,C,C,C,B,B,A,C,B,C,B
Acerbi,D,Inter,B,C,B,B,B,B,C,C,C,B,C,B,B,B,B,C,C,C,C
Gallo,D,Lecce,B,C,C,A,C,C,C,C,C,C,C,C,B,B,B,A,C,A,C
Gyasi,D,,C,C,C,C,B,C,C,C,C,B,S,C,C,C,S,C,C,C,C
Maripán,D,,C,C,C,B,C,B,C,C,C,A,C,B,C,C,C,C,C,A,C
Beukema,D,Napoli,B,C,B,C,B,B,C,C,C,B,C,A,B,B,S,C,C,C,C
Ehizibue,D,Udinese,B,C,B,C,C,C,C,C,C,C,A,C,B,B,S,S,C,C,C
Lazaro,D,Torino,B,C,C,B,C,C,C,C,C,C,B,C,B,B,S,C,B,C,B
Mancini,D,Roma,C,B,B,C,B,B,C,C,C,C,C,B,C,C,C,S,B,C,B
Ranieri,D,Fiorentina,C,C,C,B,C,B,C,C,C,B,B,B,C,C,B,C,B,C,B
Tchatchoua,D,Verona,C,C,C,C,C,C,C,C,C,C,A,C,C,C,C,C,B,A,B
Vásquez,D,,C,B,C,C,B,B,C,C,C,C,B,B,C,C,C,A,B,C,B
Gatti,D,Juventus,C,B,B,C,B,C,C,C,C,B,B,A,C,C,S,A,C,C,C
Kalulu,D,Juventus,C,B,B,B,B,B,C,C,C,C,C,B,C,C,C,A,C,A,C
Lazzari,D,Lazio,B,C,C,A,C,C,B,C,B,C,C,C,B,B,C,A,C,C,B
Masina,D,Torino,C,C,C,B,B,B,B,C,C,B,C,B,C,C,C,C,B,C,B
Pereira,D,,C,C,C,C,C,C,C,C,C,C,A,C,C,C,B,C,A,C,A
Vojvoda,D,Como,C,C,C,B,C,C,B,C,B,C,C,C,C,C,C,A,B,C,A
Candé,D,,C,C,C,C,B,C,C,C,C,A,B,A,C,C,B,C,B,C,B
Gila,D,Lazio,C,B,B,B,B,B,C,C,C,C,C,B,C,C,B,A,B,C,B
Kolašinac,D,,B,C,C,B,C,C,C,C,C,C,C,C,B,B,A,C,A,C,A
Kristensen,D,Udinese,C,B,B,C,B,B,C,C,C,B,C,B,C,C,C,A,B,C,B
Svoboda,D,,C,B,C,A,C,B,C,B,C,B,B,B,C,C,C,A,C,C,C
Valle,D,Como,B,B,A,B,C,B,C,B,C,C,C,C,B,B,B,A,C,C,C
Veiga,D,Lecce,B,C,C,C,A,C,C,B,C,B,C,S,B,B,S,C,C,C,C
Bradarić,D,,C,B,B,B,C,C,C,C,C,C,A,C,C,C,C,S,B,C,B
De Silvestri,D,Bologna,C,B,C,C,B,C,B,B,B,A,C,C,C,C,C,A,C,C,C
Gendrey,D,,B,B,A,C,C,C,C,A,C,C,B,C,B,B,B,B,C,C,C
de Vrij,D,,C,B,C,C,S,B,B,C,B,B,C,A,C,C,C,C,C,C,C
Coulibaly,D,Lecce,B,C,C,A,C,B,C,B,C,C,C,C,B,B,C,C,C,S,C
Idzes,D,Sassuolo,C,B,B,C,B,B,C,C,C,A,B,B,C,C,A,A,C,C,C
Pavard,D,Inter,B,C,B,B,C,B,C,C,C,B,C,B,B,B,A,C,B,C,B
Pezzella,D,,B,C,C,A,C,C,C,C,C,C,B,C,B,B,A,S,B,C,B
Tavares,D,Lazio,B,C,C,C,C,C,C,C,C,C,C,C,B,B,S,C,B,S,B
Viti,D,Fiorentina,C,B,B,B,A,A,C,C,C,B,B,B,C,C,C,B,C,C,C
De Winter,D,Milan,C,B,C,C,A,C,C,C,C,A,B,B,C,C,C,B,B,C,B
Posch,D,Bologna,B,B,A,C,C,C,B,B,B,C,C,C,B,B,A,A,C,C,C
Abdulhamid,D,Roma,B,C,C,S,C,C,A,A,B,C,C,C,,B,C,C,C,C,C
Calabria,D,,B,C,C,B,C,C,B,B,B,C,C,C,B,B,B,A,B,C,B
Del Prato,D,,C,B,C,C,C,C,C,C,C,S,B,B,C,C,C,S,B,C,B
Kamara,D,Udinese,C,C,C,C,C,C,C,C,B,C,B,C,C,C,C,C,A,A,A
Moreno,D,,B,B,A,B,C,B,C,C,C,C,C,C,B,B,B,S,B,C,B
N'Dicka,D,Roma,B,C,B,B,B,A,C,C,C,B,B,A,B,B,S,C,C,C,C
Guilbert,D,,B,C,B,A,C,B,C,C,C,C,C,B,B,B,B,S,C,S,C
Kelly,D,Juventus,B,B,A,B,B,A,C,B,C,B,C,C,B,B,B,B,C,C,C
Parisi,D,Fiorentina,C,B,C,C,C,C,A,B,A,C,C,C,C,C,C,S,B,C,B
Salah-Eddine,D,Roma,B,C,C,C,C,C,B,A,B,C,S,C,B,B,B,C,C,C,C
Lykogiannis,D,Bologna,B,C,C,A,C,C,B,B,B,B,C,C,B,B,B,C,B,C,B
Obert,D,Cagliari,C,C,C,C,B,C,B,B,B,B,C,B,C,C,C,C,A,C,A
Vogliacco,D,Genoa,C,B,C,C,A,C,C,C,C,B,B,A,C,C,C,B,A,C,A
Walker,D,,B,B,A,S,C,C,B,B,B,C,C,C,,B,C,S,C,C,C
David Cabal,D,,B,B,A,B,S,A,C,B,B,C,C,C,B,B,C,C,C,C,C
Magnani,D,,C,B,C,C,S,C,B,B,B,A,B,B,C,C,B,C,C,C,C
Šverko,D,,C,B,C,B,B,B,B,B,C,B,C,S,C,C,C,A,B,C,B
Baschirotto,D,Cremonese,C,B,B,B,A,A,C,C,C,A,A,A,C,C,C,B,C,C,C
Emerson,D,,B,B,A,B,C,B,C,C,C,C,C,C,B,B,B,A,A,C,A
Sosa,D,,B,B,A,B,C,B,B,B,B,B,C,C,B,B,B,A,C,C,C
Thiaw,D,Milan,B,B,A,B,A,A,C,C,C,B,C,S,B,B,A,B,C,C,C
Comuzzo,D,Fiorentina,C,B,B,B,B,A,B,C,B,B,C,B,C,C,C,A,B,C,B
Modesto,D,,B,C,C,C,C,C,S,A,S,C,C,C,B,B,A,C,C,C,C
Van Der Brempt,D,Como,B,C,C,B,B,B,B,B,B,C,B,C,B,B,A,C,B,C,B
Zalewski,D,Atalanta,C,C,C,C,C,C,A,B,A,C,C,C,C,C,C,S,A,C,A
Casale,D,Bologna,B,C,C,C,C,B,B,B,B,S,B,A,B,B,A,C,C,C,C
Jesus,D,,B,C,C,B,S,A,C,B,C,S,C,A,B,B,B,C,C,C,C
Mina,D,Cagliari,C,B,B,C,B,C,C,C,C,B,B,A,C,C,S,A,B,A,B
Jiménez,D,,B,C,C,C,C,C,B,B,B,C,B,C,B,B,A,A,A,C,A
De Sciglio,D,,C,B,C,C,B,C,A,B,A,A,A,B,C,C,C,B,C,C,C
Kialonda,D,,B,C,B,C,B,B,C,C,C,S,S,A,B,B,S,C,C,C,C
Lucumí,D,,B,C,B,B,B,A,C,C,C,C,C,A,B,B,A,C,A,A,B
Norton-Cuffy,D,Genoa,B,B,A,B,B,B,B,B,B,C,A,C,B,B,B,B,C,C,C
Pellegrini,D,Roma,B,C,C,C,C,C,A,B,A,C,C,C,B,B,A,C,A,C,A
Romagnoli,D,Lazio,C,B,C,C,B,C,C,C,C,S,B,A,C,C,B,A,B,S,C
Cuadrado,D,Pisa,B,C,C,C,C,C,A,B,A,C,C,C,B,B,S,C,A,C,A
Hummels,D,,B,B,A,C,B,B,C,B,B,A,B,A,B,B,A,B,C,C,C
Bani,D,,B,B,A,C,B,B,C,C,C,A,S,A,B,B,S,B,C,C,C
Hainaut,D,Parma,C,B,C,C,C,C,A,B,A,C,B,C,C,C,C,S,A,C,A
Izzo,D,,C,C,C,A,B,A,C,C,C,A,B,B,C,C,C,C,A,C,S
Kossounou,D,Atalanta,B,B,A,C,S,A,B,B,B,B,C,B,B,B,A,C,C,C,C
Rensch,D,Roma,B,C,C,C,C,C,A,A,S,A,B,C,B,B,B,C,C,C,C
Tomori,D,Milan,B,C,B,A,C,B,C,C,C,A,C,A,B,B,C,C,B,S,B
Azzi,D,Cremonese,B,B,A,C,C,C,C,A,C,C,B,C,B,B,A,S,A,C,A
Carboni,D,Genoa,B,C,B,A,B,A,C,C,C,A,A,B,B,B,B,C,B,C,B
Goglichidze,D,Udinese,B,C,B,A,B,A,C,C,C,A,A,B,B,B,B,C,C,A,C
Jean,D,Lecce,B,B,A,A,A,S,C,C,C,A,B,A,B,B,C,B,C,C,C
Kempf,D,Como,B,B,A,C,C,C,C,C,C,B,B,A,B,B,S,S,B,A,B
Martínez Quarta,D,,C,B,C,C,S,C,A,A,A,B,C,B,C,C,C,C,B,C,B
Barba,D,,B,B,A,C,S,A,B,A,B,B,C,B,B,B,B,C,C,C,C
Daniliuc,D,,B,B,A,A,B,A,A,B,B,B,C,B,B,B,C,B,C,C,C
Frese,D,Verona,B,B,A,A,B,B,A,A,A,C,C,C,B,B,C,B,C,C,C
Goldaniga,D,Como,C,B,B,C,B,C,C,C,C,B,B,A,C,C,S,A,A,A,A
Patric,D,Lazio,C,B,C,C,S,C,A,A,B,B,C,B,C,C,B,C,B,C,A
Sambia,D,,B,B,A,C,C,C,S,A,S,C,C,C,B,B,B,A,C,C,C
Walukiewicz,D,Sassuolo,B,B,A,B,B,A,B,C,B,C,C,B,B,B,B,A,B,C,A
D'Ambrosio,D,,B,C,C,C,B,B,B,B,B,B,B,B,B,B,A,C,B,S,C
Danilo,D,,B,C,C,A,C,B,A,B,A,C,C,B,B,B,C,C,A,C,A
Kayode,D,,B,B,A,C,C,C,S,S,S,C,C,C,B,B,C,B,C,C,C
Smolčić,D,,B,B,A,C,B,B,B,B,C,A,C,B,B,B,B,B,B,C,A
Bijol,D,,C,B,B,C,B,B,C,C,C,B,B,A,C,C,S,A,A,A,A
Dossena,D,Como,B,C,C,B,B,B,C,C,C,S,A,S,B,B,A,C,C,S,C
Erlic,D,Bologna,B,B,A,C,S,B,B,A,A,C,B,A,B,B,B,C,C,C,C
Gigot,D,Lazio,C,B,C,C,S,C,A,B,A,B,A,B,C,C,C,C,B,C,B
Luis Palomino,D,,C,B,C,C,S,A,B,B,B,A,B,S,C,C,C,C,B,C,B
Balogh,D,Parma,B,C,B,A,A,A,C,C,C,A,A,S,B,B,B,C,B,C,B
Circati,D,Parma,B,B,A,C,S,B,C,B,C,S,A,S,B,B,B,C,C,C,C
Coco,D,Torino,C,B,C,B,S,A,C,C,C,A,A,A,C,C,C,C,A,C,A
Lekovic,D,,B,B,A,B,S,A,A,A,B,B,C,B,B,B,C,C,C,C,C
Touré,D,,C,B,C,C,S,B,C,B,B,B,C,B,C,C,C,C,S,S,B
Veiga,D,Lecce,B,B,A,C,C,C,S,A,S,C,B,C,B,B,A,A,C,C,C
Matturro,D,,B,B,A,B,B,A,B,B,C,C,S,B,B,B,B,B,B,C,B
Marianucci,D,Napoli,B,B,A,C,B,B,B,B,B,B,B,A,B,B,A,B,C,S,C
Pérez,D,,B,B,A,S,S,S,C,A,C,B,A,B,,B,C,C,C,C,C
Tolói,D,,B,B,A,B,C,B,S,A,A,B,C,B,B,B,C,B,C,C,B
Ahanor,D,Atalanta,B,B,A,C,B,C,A,A,A,B,S,C,B,B,A,B,C,C,C
Altare,D,,B,B,A,B,B,A,B,B,B,A,B,B,B,B,B,B,B,C,B
Coppola,D,Pisa,C,B,C,B,A,A,C,C,C,S,S,A,C,C,C,B,A,C,A
Mazzocchi,D,Napoli,B,B,A,B,C,C,A,B,A,C,B,C,B,B,B,A,A,C,A
Palestra,D,Atalanta,B,B,A,S,C,B,S,A,S,C,B,C,,B,C,B,C,C,C
Pedersen,D,Torino,B,B,A,C,B,B,B,B,A,C,S,C,B,B,A,A,B,C,B
Schingtienne,D,,B,B,A,S,A,S,B,B,C,A,A,B,,B,C,B,C,C,C
Ismajli,D,Torino,B,B,A,A,S,S,C,C,C,S,S,S,B,B,B,C,C,C,C
Osorio,D,,B,B,A,S,C,B,B,A,B,A,S,S,,B,C,B,C,C,C
costa,D,,B,C,C,C,C,C,A,A,A,C,A,C,B,B,A,C,S,C,S
Buchanan,D,,B,B,A,S,C,C,S,S,S,C,A,C,,B,C,B,C,C,C
Ghilardi,D,Roma,B,B,A,B,A,A,C,C,C,B,B,A,B,B,A,B,A,A,A
Moreno,D,,B,B,A,S,S,S,A,A,A,B,C,B,,B,C,C,C,C,C
Bremer,D,Juventus,B,B,A,A,S,S,C,B,C,A,C,S,B,B,C,C,A,C,A
Hien,D,Atalanta,B,B,A,B,A,A,C,C,C,A,A,A,B,B,S,B,A,C,A
Gianetti,D,,C,B,C,A,B,A,B,B,B,S,A,A,C,C,C,B,A,C,A
Valentini,D,Verona,B,B,A,B,C,B,C,B,C,A,C,S,B,B,B,S,A,S,A
Hysaj,D,Lazio,B,C,C,C,C,C,A,A,A,B,B,C,B,B,B,C,S,S,A
Marí,D,,B,B,A,A,A,S,C,C,C,S,B,S,B,B,B,B,B,A,B
Valenti,D,Parma,C,B,B,A,B,A,C,C,C,S,A,A,C,C,C,B,A,S,A
Dahl,D,,B,B,A,S,S,S,S,S,S,C,C,C,,B,C,C,C,C,C
Ebuehi,D,,B,B,A,S,S,S,S,S,S,C,C,C,,B,C,C,C,C,C
Scalvini,D,Atalanta,B,B,A,B,S,A,B,A,A,C,C,C,B,B,C,C,S,C,S
Dembélé,D,,C,B,C,C,B,C,A,A,S,C,B,C,C,C,C,B,S,S,S
Løvik,D,,B,B,A,C,C,C,S,S,S,S,S,C,B,B,C,B,C,C,C
Pongračić,D,,B,B,A,A,B,A,B,B,C,A,A,B,B,B,B,B,B,S,B
Sala,D,,B,B,A,S,C,C,A,A,S,C,C,C,,B,C,A,S,C,S
Marcandalli,D,Genoa,B,B,A,C,S,B,B,B,A,A,B,A,B,B,B,C,A,C,S
Rouhi,D,Juventus,B,B,A,S,S,S,S,S,A,A,C,C,,B,C,C,C,C,C
Leoni,D,Parma,C,B,C,A,S,S,C,B,C,S,S,B,C,C,C,C,A,S,B
Brorsson,D,,B,B,A,S,S,S,A,A,B,S,A,A,,B,C,C,C,C,C
Faraoni,D,,B,B,A,C,B,C,A,A,S,B,S,C,B,B,B,B,A,C,A
Caldirola,D,,B,B,A,B,B,A,B,B,B,A,A,B,B,B,B,B,S,C,S
Iovine,D,,B,B,A,S,C,B,A,A,A,C,S,C,,B,C,B,A,C,S
Palacios,D,,B,B,A,S,S,S,A,A,A,B,C,B,,B,C,C,A,C,A
Terracciano,D,Cremonese,B,B,A,B,B,B,A,B,A,B,A,B,B,B,B,B,S,C,S
Abankwah,D,,B,B,A,C,S,C,S,S,S,C,C,B,B,B,C,C,S,C,S
Dawidowicz,D,,B,B,A,A,S,S,C,C,C,A,A,A,B,B,B,C,A,S,A
Marín,D,,B,B,A,C,S,C,S,S,A,C,C,S,B,B,B,C,S,C,S
Bjarkason,D,,B,B,A,S,C,B,S,S,S,C,C,C,,B,C,B,S,C,S
Carboni,D,Genoa,B,B,A,S,C,A,A,A,S,B,B,C,,B,C,B,S,C,S
Sagrado,D,,B,B,A,C,S,B,C,A,A,S,S,C,B,B,C,C,S,C,S
Wieteska,D,Cagliari,B,B,A,C,C,C,S,S,A,A,B,S,B,B,B,B,S,C,S
Jack,D,Como,B,B,A,S,C,B,S,S,S,B,C,B,,B,C,B,S,C,S
Nelsson,D,Verona,B,B,A,S,S,S,S,S,A,S,A,S,,B,C,C,C,C,C
Bartesaghi,D,Milan,B,B,A,S,C,B,S,S,S,C,S,C,,B,C,B,S,S,C
Gabriel,D,,B,B,A,S,S,S,S,S,A,S,S,S,,B,C,C,C,C,C
Bonifazi,D,,B,B,A,S,S,S,S,S,S,S,S,B,,B,C,C,C,C,C
Hermoso,D,Roma,B,B,A,B,S,A,S,A,S,C,C,C,B,B,C,C,S,S,S
Oyegoke,D,Verona,B,B,A,S,S,S,S,S,S,C,A,C,,B,C,C,S,C,S
Ebosse,D,Verona,B,B,A,S,S,S,S,S,A,S,C,S,,B,C,C,S,C,S
Pelmard,D,,B,B,A,S,S,S,A,S,A,B,S,S,,B,C,C,S,C,S
Otoa,D,Genoa,B,B,A,S,S,S,C,A,B,S,S,S,,B,C,C,S,S,S
Nielsen,D,,B,B,A,S,S,S,S,S,S,S,S,S,,B,C,C,S,C,S
Barella,C,Inter,C,C,C,C,C,C,C,C,C,C,C,C,C,C,C,C,C,C,C
De Ketelaere,C,Atalanta,C,C,C,C,C,C,C,C,C,C,C,C,C,C,B,C,C,C,C
Soulé,C,,C,C,C,C,C,C,C,C,C,C,C,C,C,C,C,B,C,C,C
McTominay,C,Napoli,C,C,C,C,C,C,C,C,C,C,B,C,C,C,C,C,C,C,C
Thuram,C,Inter,C,C,C,C,C,C,C,C,C,C,C,B,C,C,C,C,C,C,C
Vlašić,C,,C,C,C,C,C,C,C,C,C,C,B,C,C,C,C,C,C,C,C
Lovrić,C,,C,C,C,C,C,C,C,C,C,C,C,C,C,C,A,B,C,C,C
Reijnders,C,,C,C,C,C,C,C,C,C,C,C,C,C,C,C,C,C,C,S,C
Koopmeiners,C,Juventus,C,C,C,C,C,C,C,C,C,C,B,C,C,C,A,C,C,C,C
Da Cunha,C,Como,C,C,C,B,C,C,C,C,C,C,C,C,C,C,C,S,C,C,C
Ekkelenkamp,C,Udinese,C,C,C,C,B,C,B,C,C,C,B,C,C,C,C,C,C,C,C
Miretti,C,Juventus,C,C,C,C,C,C,C,C,C,C,A,C,C,C,B,C,C,C,C
Zambo Anguissa,C,Napoli,C,C,C,C,B,C,C,C,C,A,C,C,C,C,C,C,C,C,C
Anjorin,C,Torino,C,C,C,B,C,C,C,C,B,C,C,C,C,C,C,C,B,C,B
Caqueret,C,Como,C,C,C,B,C,C,C,C,C,B,C,C,C,C,C,C,B,C,A
Lookman,C,Atalanta,C,C,C,C,C,C,C,C,C,C,A,C,C,C,C,S,C,C,C
McKennie,C,Juventus,C,C,C,C,C,C,C,C,C,B,B,C,B,C,A,C,C,C,C
Fazzini,C,Fiorentina,C,C,C,C,A,C,C,C,C,C,B,C,C,C,C,C,C,S,C
Mkhitaryan,C,Inter,B,C,C,B,C,B,C,C,C,C,C,C,B,C,A,C,C,C,C
Odgaard,C,Bologna,C,B,C,C,C,C,C,C,C,C,A,C,C,C,C,A,C,C,C
Payero,C,Udinese,C,C,C,C,C,B,C,C,C,C,B,C,C,C,B,B,B,C,B
Çalhanoğlu,C,,C,C,C,C,C,C,C,C,C,C,C,B,B,C,C,C,B,C,B
Dele-Bashiru,C,Lazio,C,C,C,C,B,C,B,C,B,C,A,C,C,C,C,C,C,C,C
Paz,C,Como,C,C,C,C,C,C,C,C,C,C,C,C,B,C,S,C,C,C,C
Pašalić,C,,C,C,C,C,C,C,C,C,C,C,C,C,B,C,S,C,C,C,C
Fofana,C,Milan,B,C,C,B,C,B,C,C,C,C,C,A,C,C,B,C,C,C,C
Caprari,C,,C,C,C,C,C,C,B,C,B,C,C,C,B,C,S,B,C,C,C
Ferguson,C,Roma,C,C,C,C,C,C,C,B,C,C,C,B,A,A,C,B,C,C,C
Paredes,C,,C,C,C,C,C,C,C,C,C,B,C,A,B,C,C,B,B,C,B
Bove,C,,C,C,C,B,C,C,C,B,C,B,B,B,C,C,C,C,B,C,B
Brescianini,C,Atalanta,C,C,C,C,C,C,A,B,A,C,B,C,C,C,C,C,C,C,C
Cacace,C,,C,C,C,C,B,B,C,C,C,C,A,C,C,C,A,C,B,C,B
Cristante,C,Roma,C,C,C,C,B,B,C,C,C,B,C,B,C,C,C,C,A,C,A
Dia,C,Lazio,C,C,C,C,C,C,C,C,C,B,S,C,C,C,C,S,C,C,C
Harroui,C,Verona,C,C,C,C,B,C,B,B,B,C,C,C,B,C,S,C,C,C,C
Hernani,C,Parma,C,C,C,C,C,C,B,C,C,C,C,C,A,A,C,C,A,C,A
de Roon,C,,C,C,C,A,B,A,C,C,C,B,C,A,C,C,C,C,C,C,C
Bernabe,C,,C,B,B,C,B,B,C,C,C,C,C,A,C,C,B,B,C,C,C
Casadei,C,Torino,C,C,C,C,A,B,C,C,C,B,B,A,C,C,B,C,C,C,C
Ciurria,C,,C,C,C,B,C,C,B,C,C,C,S,C,C,C,C,S,C,C,C
Adli,C,,C,C,C,B,C,C,B,C,B,C,C,B,C,C,C,C,B,S,B
Brenner,C,Udinese,C,C,C,C,C,C,B,B,B,B,S,C,C,C,C,C,C,C,C
Fagioli,C,Fiorentina,C,C,C,B,C,C,B,C,B,C,C,B,C,C,B,A,B,C,B
Guendouzi,C,Lazio,B,C,B,A,C,B,C,C,C,C,C,B,C,B,B,B,C,C,C
Mandragora,C,Fiorentina,C,C,C,C,C,C,C,C,C,A,C,B,C,C,C,S,B,C,A
Marin,C,Pisa,C,C,C,C,C,C,B,C,B,C,C,B,B,C,C,S,B,C,B
Serdar,C,Verona,C,C,C,C,B,C,C,C,C,B,B,B,C,C,C,C,B,S,B
Éderson,C,,C,B,C,C,C,C,C,C,C,B,C,B,C,C,C,S,C,S,C
Samardzic,C,Atalanta,C,C,C,C,C,C,A,B,B,C,C,C,C,C,C,S,B,C,B
Sohm,C,Fiorentina,C,A,B,C,B,B,C,C,C,C,C,B,C,C,C,S,C,C,C
Frattesi,C,Inter,C,C,C,C,B,C,A,B,B,C,S,C,C,C,C,C,C,C,C
Jóhann Helgason,C,,A,C,C,C,C,C,C,C,C,C,B,C,A,A,S,C,C,C,C
Busio,C,,C,A,B,C,B,B,C,C,C,C,B,C,C,C,B,S,C,C,C
Kofod Andersen,C,,C,C,C,B,B,B,B,B,B,B,B,B,C,C,C,C,C,C,C
Pellegrini,C,Roma,C,B,C,C,C,C,C,C,C,C,B,C,B,C,S,S,B,C,B
Engelhardt,C,Como,C,C,C,B,C,B,B,B,B,C,C,A,C,C,C,B,B,C,B
Koné,C,,C,B,B,C,B,C,C,C,C,C,C,B,B,C,S,A,C,C,B
Bernede,C,Verona,C,A,C,C,B,C,B,B,B,B,C,C,C,C,C,B,B,C,B
Gaetano,C,Cagliari,C,C,C,C,C,C,A,B,B,B,B,C,B,C,S,C,C,C,C
Gineitis,C,Torino,C,C,C,C,C,C,B,C,B,B,S,C,C,C,C,A,B,C,B
Pérez,C,,C,A,B,B,C,B,C,C,C,C,C,B,C,C,C,S,B,C,B
Baldanzi,C,Roma,C,C,C,C,C,C,A,B,A,C,A,C,C,C,B,C,B,C,B
Musah,C,Milan,A,C,B,C,C,C,C,C,C,C,C,C,A,A,S,C,B,C,B
Pisilli,C,Roma,C,C,C,C,B,C,B,B,B,C,C,C,C,C,A,C,S,C,S
Pobega,C,Bologna,C,C,C,C,C,C,C,C,C,B,B,B,C,C,B,C,S,S,A
Zieliński,C,,C,C,C,C,C,C,A,B,B,C,C,B,A,A,A,C,C,C,C
Cataldi,C,Lazio,C,A,C,B,B,B,C,C,C,B,C,S,C,C,C,A,C,C,C
Locatelli,C,Juventus,C,C,B,B,B,B,C,C,C,B,C,A,B,B,C,B,B,C,B
Messias,C,Genoa,C,C,C,C,B,C,B,B,B,C,B,C,B,C,S,C,C,C,C
Fabbian,C,Bologna,C,C,C,C,C,C,A,B,A,B,S,C,C,C,C,B,C,C,C
Freuler,C,Bologna,B,B,B,A,B,A,C,C,C,B,C,B,C,B,B,C,C,C,C
Ilić,C,,C,A,B,C,C,C,B,B,B,C,C,C,C,C,C,A,A,C,A
Mazzitelli,C,Cagliari,C,C,C,B,C,C,A,A,A,A,C,C,C,C,C,C,B,C,B
Nicolussi Caviglia,C,,C,C,C,C,B,B,C,C,C,A,C,S,C,C,C,B,B,S,B
Richardson,C,Fiorentina,C,C,C,B,B,B,B,B,B,C,B,B,C,C,C,C,A,C,S
Maldini,C,Atalanta,C,A,C,C,B,C,B,C,B,C,A,C,C,C,A,A,B,C,B
Moro,C,Sassuolo,A,C,C,A,B,B,C,C,C,B,C,B,A,A,A,C,C,C,C
Félix,C,,C,A,C,C,C,C,B,B,B,C,C,C,C,C,A,S,A,C,A
Kastanos,C,Verona,C,C,C,C,C,C,A,B,A,B,B,C,C,C,C,A,A,C,A
Badelj,C,,C,A,B,B,B,B,C,C,C,S,C,A,C,C,C,A,C,C,C
Duda,C,,B,C,C,A,C,B,C,C,C,B,C,A,C,C,C,B,A,S,A
Ondrejka,C,Parma,C,A,C,C,C,C,A,A,A,C,A,C,C,C,C,A,C,C,C
Masini,C,Genoa,C,A,B,A,A,A,C,C,C,B,A,B,C,C,C,B,C,C,C
Urbanski,C,,C,A,B,B,B,B,B,B,B,C,C,C,C,C,C,A,A,C,A
Asllani,C,Inter,C,C,C,C,C,C,B,B,B,A,C,B,A,A,A,C,A,C,A
Deiola,C,Cagliari,C,B,C,C,A,B,B,C,B,A,A,B,C,C,C,C,A,C,A
Perrone,C,Como,A,C,C,B,C,B,C,C,C,A,C,A,A,A,A,C,B,C,B
Atta,C,Udinese,A,C,B,C,C,C,B,C,B,C,C,C,A,A,S,B,A,C,A
Haj,C,,C,C,C,C,C,C,A,A,A,B,A,C,C,C,C,C,S,C,S
Roberto,C,,A,C,C,C,C,C,C,B,C,B,C,B,A,A,A,C,S,C,S
Felici,C,Cagliari,A,C,C,B,C,B,B,B,B,C,S,C,A,A,A,C,C,C,C
Karamoh,C,,A,C,B,C,B,C,B,B,B,C,A,C,A,A,S,C,C,C,C
Frendrup,C,Genoa,C,A,B,B,A,A,C,C,C,A,B,S,C,C,C,A,C,C,C
Henderson,C,,A,C,C,A,C,B,C,C,C,A,C,B,A,A,A,C,A,C,A
Ndary Adopo,C,,B,B,B,B,C,B,C,C,C,A,B,B,C,C,B,S,B,S,C
Vecino,C,Lazio,C,C,C,C,C,C,B,B,B,S,B,A,C,C,B,C,S,C,S
Coulibaly,C,Lecce,B,A,B,A,A,A,C,C,C,A,B,B,C,B,C,A,C,C,C
Ramadani,C,Lecce,B,B,B,A,B,A,C,C,C,S,B,S,C,C,C,B,C,C,C
Ricci,C,Milan,B,B,B,B,A,A,C,C,C,C,B,A,C,B,B,C,B,S,B
Sensi,C,,C,A,C,C,B,C,A,A,A,B,C,B,A,A,C,B,C,C,C
Bianco,C,Fiorentina,B,A,B,B,B,A,C,C,C,B,C,A,C,B,B,S,B,C,B
Duncan,C,,A,A,A,C,C,C,C,C,C,B,C,A,A,A,A,A,C,C,C
Lobotka,C,Napoli,A,B,B,A,B,A,C,C,C,B,C,A,A,A,B,B,C,C,C
Rovella,C,Lazio,A,C,B,B,B,B,C,C,C,C,C,A,A,A,S,C,A,C,A
Thorsby,C,Genoa,A,B,B,C,C,C,C,C,C,B,A,C,A,A,S,A,B,C,B
Zarraga,C,Udinese,C,A,B,B,B,A,B,B,B,A,A,B,C,C,C,B,C,C,C
Linetty,C,,C,A,B,B,B,B,C,C,C,B,A,A,C,C,B,A,A,C,A
Malinovskyi,C,Genoa,A,C,C,B,C,C,B,B,B,A,C,B,A,A,B,C,A,C,A
Zeroli,C,,A,C,C,C,C,C,B,B,B,A,S,B,A,A,A,C,C,C,C
Castrovilli,C,,A,A,A,B,C,C,B,B,A,C,C,C,A,A,B,A,C,C,C
Grassi,C,Cremonese,B,A,B,B,A,A,C,C,C,A,B,A,C,C,C,A,B,C,A
Forson,C,,A,A,A,C,C,C,A,A,A,C,C,C,A,A,B,B,C,C,C
Loftus-Cheek,C,Milan,A,A,A,B,C,C,B,B,C,C,C,C,A,A,A,S,B,C,B
Berisha,C,Lecce,A,C,B,C,B,B,B,B,B,C,C,B,A,A,A,C,S,C,S
Gilmour,C,Napoli,A,C,B,A,C,B,B,C,B,A,C,A,A,A,A,A,C,C,C
Rafia,C,Lecce,A,A,A,B,C,B,C,C,C,B,C,C,A,A,A,S,B,C,A
Sulemana,C,Atalanta,C,A,C,C,S,C,B,A,A,A,B,S,C,C,C,C,B,C,B
Suslov,C,Verona,A,B,B,B,C,B,C,C,C,C,B,C,A,A,S,A,A,S,B
Maleh,C,Lecce,A,B,B,B,B,B,C,C,C,A,C,B,A,A,A,C,A,S,B
Aebischer,C,Pisa,A,A,A,B,B,B,C,B,B,B,C,B,A,A,B,B,B,C,B
Karlström,C,,A,C,B,A,A,A,C,C,C,A,B,A,A,A,A,C,B,C,B
Martins,C,,A,C,C,S,C,C,A,A,A,C,A,C,,A,C,C,S,C,S
Melegoni,C,,A,C,C,S,C,C,B,A,A,S,S,B,,A,C,C,C,C,C
Le Fée,C,,A,A,A,B,A,A,C,B,C,C,C,A,A,A,B,B,B,C,B
Amrabat,C,,A,A,A,S,B,A,C,A,C,B,C,S,,A,C,B,C,C,C
Solbakken,C,,A,A,A,C,B,B,B,B,B,C,A,C,A,A,A,B,B,C,B
Belahyane,C,Lazio,A,C,B,A,B,A,C,C,C,B,B,S,A,A,B,C,A,S,B
Bohinen,C,,A,A,A,B,B,B,B,A,C,C,A,A,A,A,B,B,C,C,C
Makoumbou,C,,A,C,B,A,A,A,C,C,C,S,B,S,A,A,B,C,C,S,C
Pierret,C,Lecce,A,A,A,A,A,S,C,C,C,A,C,S,A,A,B,B,C,C,C
Tameze,C,Torino,A,A,A,B,C,B,B,B,A,C,B,C,A,A,B,A,A,C,A
Bennacer,C,,A,A,A,A,A,A,C,B,B,C,C,C,A,A,B,B,S,C,S
Billing,C,,C,A,C,C,B,C,A,A,A,S,S,C,B,C,A,B,A,C,A
Ndour,C,Fiorentina,A,A,A,A,S,S,B,B,B,C,B,C,A,A,B,C,B,C,B
Doumbia,C,,A,A,A,C,A,B,B,B,B,B,S,C,A,A,S,B,C,C,C
Luiz,C,,A,A,A,C,C,C,A,A,A,C,C,B,A,A,A,A,B,C,A
Akpa-Akpro,C,,A,A,A,A,A,A,C,C,C,C,S,B,A,A,B,B,A,C,A
Keita,C,Parma,A,C,B,A,B,A,C,C,C,A,A,S,A,A,B,C,A,S,B
Prati,C,Cagliari,A,A,A,A,C,B,C,B,B,S,B,A,A,A,B,A,C,C,C
Pessina,C,,A,A,A,A,A,S,C,B,C,B,A,B,A,A,B,B,B,C,B
Tidiane Niasse,C,,A,A,A,B,A,A,C,B,C,A,B,B,A,A,B,B,A,C,A
Vignato,C,,A,A,A,B,S,A,A,A,A,B,B,C,A,A,B,C,C,C,C
Pierini,C,Sassuolo,A,A,A,S,C,B,S,S,B,B,S,C,,A,C,B,C,C,C
Camara,C,,A,A,A,C,C,C,A,A,A,C,C,C,A,A,S,A,S,C,S
Kovalenko,C,,A,A,A,C,S,B,S,S,S,B,C,C,A,A,B,C,C,C,C
Baselli,C,,A,A,A,S,S,S,B,A,S,C,C,S,,A,C,C,C,C,C
Cassa,C,,A,A,A,S,S,S,S,S,S,C,C,C,,A,C,C,C,C,C
Gourna-Douath,C,,A,A,A,B,A,A,B,A,B,C,B,C,A,A,B,B,S,C,S
Oudin,C,,A,A,A,A,C,C,A,A,A,A,B,C,A,A,B,A,B,C,B
Črnigoj,C,,A,A,A,B,S,A,A,A,S,C,A,C,A,A,B,C,C,C,C
Bandeira,C,,A,A,A,S,A,S,B,B,B,S,C,A,,A,C,B,B,C,B
Pafundi,C,Udinese,A,A,A,C,C,C,S,S,S,C,S,C,A,A,B,A,C,C,C
Bondo,C,Cremonese,A,A,A,A,A,A,C,C,C,B,A,A,A,A,B,B,A,S,B
Cyprien,C,,A,A,A,C,S,C,S,S,S,C,C,S,A,A,B,C,C,C,C
El Haddad,C,,A,A,A,S,S,S,S,S,S,C,B,C,,A,C,C,C,C,C
Kaba,C,Lecce,A,A,A,B,S,A,A,A,A,A,B,B,A,A,B,C,C,C,C
Gagliardini,C,,A,A,A,S,C,B,S,S,A,C,C,B,,A,C,B,S,C,S
Verdi,C,,A,A,A,C,C,C,S,S,S,C,B,C,A,A,B,B,S,C,S
Cacciamani,C,,A,A,A,S,S,S,S,S,S,C,A,C,,A,C,C,C,C,C
Estévez,C,,A,A,A,A,C,B,B,B,B,S,C,S,A,A,B,A,A,C,A
Oumar Conde,C,,A,A,A,S,S,S,A,A,S,B,C,C,,A,C,C,S,C,S
Pereiro,C,,A,A,A,S,S,S,S,S,S,S,C,C,,A,C,C,C,C,C
Ekong,C,,A,A,A,B,B,B,S,S,S,C,A,C,A,A,B,B,A,C,A
Żurkowski,C,,A,A,A,C,S,A,S,S,A,B,S,B,A,A,B,C,C,C,C
Onana,C,,A,A,A,S,A,S,A,A,A,S,B,A,,A,C,B,B,C,B
Haas,C,,A,A,A,S,A,S,A,A,A,A,A,S,,A,C,B,B,C,B
Kasa,C,,A,A,A,C,A,C,A,A,A,S,A,C,A,A,S,B,S,C,S
Adžić,C,,A,A,A,S,S,S,S,S,S,S,S,C,,A,C,C,C,C,C
El Azzouzi,C,Bologna,A,A,A,S,S,S,S,S,S,S,C,S,,A,C,C,C,C,C
Bacci,C,,A,A,A,S,S,S,S,S,S,S,A,S,,A,C,C,C,C,C
Lhassine Kone,C,,A,A,A,S,S,S,S,S,S,S,C,B,,A,C,C,S,C,S
Sansone,C,,A,A,A,C,S,C,S,S,S,S,S,C,A,A,B,C,S,C,S
Braunöder,C,,A,A,A,A,S,S,B,A,A,A,C,S,A,A,B,C,S,S,S
Valoti,C,Cremonese,A,A,A,S,S,S,S,S,S,S,S,S,,A,C,C,S,C,S
Orsolini,A,Bologna,C,C,C,C,C,C,C,C,C,C,C,C,C,C,C,C,C,C,C
Thuram,A,Inter,C,C,C,C,C,C,C,C,C,C,C,C,C,C,C,B,C,C,C
Kvaratskhelia,A,,C,C,C,C,C,C,C,C,C,C,C,C,C,C,C,A,C,C,C
Ndoye,A,Bologna,C,C,C,C,C,C,C,C,C,C,C,C,C,C,C,C,B,C,B
Kolo Muani,A,,C,B,C,C,C,C,C,C,C,B,B,C,C,C,C,A,C,C,C
Leão,A,,C,C,C,C,C,C,C,C,C,C,C,C,C,C,C,B,B,C,B
Retegui,A,,C,C,C,C,C,C,C,C,C,A,B,C,C,C,C,C,C,C,C
Thauvin,A,Udinese,C,C,C,C,C,C,C,C,C,C,C,C,C,C,C,A,C,C,C
Diao,A,Como,C,B,C,C,A,B,C,C,C,C,C,C,C,C,C,C,B,C,B
Lukaku,A,Napoli,C,C,C,C,C,C,C,C,C,B,A,C,B,C,C,C,C,C,C
Martínez,A,,C,C,C,C,C,C,C,C,C,B,C,C,C,C,A,S,C,C,C
Chukwueze,A,Milan,C,C,C,C,C,C,B,B,B,C,C,C,C,C,C,A,C,C,C
Dovbyk,A,Roma,C,B,C,C,B,C,C,C,C,A,S,C,B,C,C,B,C,C,C
Cutrone,A,Como,C,C,C,C,B,C,C,C,C,C,A,C,C,C,C,C,C,C,C
Pulisic,A,Milan,C,C,C,C,C,C,C,C,C,C,C,C,B,C,A,C,C,C,C
Cornet,A,,C,C,C,C,C,C,B,A,B,C,B,C,C,C,C,C,C,C,C
Guðmundsson,A,,C,B,C,C,C,C,C,C,C,C,C,A,C,C,C,A,B,C,B
Tengstedt,A,,C,B,C,C,A,B,C,C,C,B,B,A,C,C,C,C,C,C,C
Yıldız,A,,C,C,C,B,C,B,C,C,C,C,C,C,C,C,C,A,C,S,C
Shomurodov,A,,C,C,C,C,C,C,B,C,B,B,B,B,C,C,B,C,C,C,C
Arnautović,A,,C,C,C,C,C,C,B,B,B,A,C,C,C,C,C,C,B,C,B
Domínguez,A,,B,C,C,A,A,A,C,C,C,C,C,C,C,C,C,C,C,C,C
Neres,A,Napoli,B,C,C,B,C,C,C,C,C,C,C,C,B,B,B,C,C,C,C
Raspadori,A,Napoli,C,C,C,C,C,C,B,C,B,B,C,A,C,C,C,S,C,C,C
Zaccagni,A,Lazio,C,C,C,B,C,B,C,C,C,C,C,C,C,B,C,C,A,C,A
Dybala,A,Roma,C,C,C,C,C,C,C,C,C,C,C,C,A,B,B,S,C,C,B
Strefezza,A,Como,B,C,B,A,C,B,C,C,C,C,C,C,C,C,C,C,B,C,B
Elmas,A,,C,A,C,A,A,A,C,C,C,C,C,B,C,C,C,B,C,C,C
Mota,A,,B,C,B,B,B,B,C,C,C,C,C,B,C,C,C,C,B,C,B
Pedro,A,Lazio,C,C,C,C,C,C,A,B,B,C,C,C,C,C,C,A,B,C,B
Adams,A,Torino,C,C,C,C,B,B,C,C,C,A,A,B,C,C,C,C,C,C,C
Douvikas,A,Como,C,C,C,C,C,C,C,B,C,B,A,B,B,C,B,C,B,C,B
Man,A,Parma,B,C,C,B,C,C,C,C,C,C,C,C,B,B,A,B,C,C,C
Morata,A,Como,C,A,C,C,B,C,C,C,C,B,C,B,C,C,C,A,A,C,S
Cambiaghi,A,Bologna,B,C,C,A,C,C,B,B,B,C,C,C,C,B,C,C,C,C,C
Dallinga,A,Bologna,C,C,C,C,A,C,B,C,B,A,A,C,B,C,A,C,C,C,C
Zapata,A,Torino,C,A,C,C,B,C,C,B,C,A,A,B,C,C,B,B,B,C,B
Castro,A,Bologna,C,C,C,C,C,C,C,C,C,A,B,B,C,C,C,C,A,C,A
Correa,A,,C,C,C,C,C,C,B,B,B,C,C,B,C,C,B,C,A,C,A
Kean,A,Fiorentina,C,C,C,C,B,C,C,C,C,B,A,A,C,C,B,C,B,C,B
Luvumbo,A,Cagliari,B,C,B,A,C,B,C,C,C,C,B,C,C,B,B,S,C,C,C
Morente,A,,B,C,B,A,B,A,C,C,C,C,C,C,C,B,C,C,B,C,B
Politano,A,Napoli,B,C,B,A,C,A,C,C,C,C,C,C,C,B,B,A,C,C,C
Vlahović,A,,C,C,C,C,B,C,C,C,C,B,A,B,B,C,S,C,B,C,B
Pellegrino,A,Parma,C,C,C,C,B,C,C,B,C,A,B,A,C,C,B,C,A,C,A
Venturino,A,Genoa,C,A,C,C,C,C,A,A,A,C,C,B,C,C,C,B,C,C,C
Viola,A,,B,B,B,B,C,B,C,C,C,B,C,A,C,C,C,A,B,C,B
Krstović,A,,C,C,C,C,B,C,C,C,C,B,B,A,B,C,A,C,B,C,B
Mbangula,A,,C,C,C,S,C,B,B,B,B,C,C,B,C,C,C,C,C,C,B
Oristanio,A,,B,C,B,B,C,B,C,C,C,C,C,B,B,B,A,C,C,C,C
Colpani,A,,B,B,A,B,B,A,C,C,C,C,C,C,B,B,B,B,C,C,C
Ikone,A,,B,A,B,C,A,B,B,B,B,C,C,C,B,C,B,B,C,C,C
Noslin,A,Lazio,B,C,C,B,C,C,B,B,A,B,B,B,C,C,C,C,B,C,B
Okafor,A,Milan,B,A,B,C,C,C,B,B,B,C,C,C,B,B,B,A,C,C,C
Lucca,A,Napoli,C,B,C,C,B,B,C,C,C,A,S,S,C,C,C,A,A,C,A
Bonny,A,Inter,B,C,C,C,C,C,C,C,C,B,B,B,A,B,S,C,C,C,C
Conceição,A,,B,C,C,A,C,C,C,C,C,C,C,C,C,B,C,S,A,S,A
Esposito,A,Cagliari,C,A,B,B,B,B,C,C,C,B,C,S,C,C,C,S,C,C,C
Vitinha,A,Genoa,B,C,B,A,C,B,C,C,C,C,A,A,C,B,C,B,B,C,B
Đurić,A,,C,B,C,B,B,A,C,C,C,S,B,S,C,C,C,B,B,C,A
Beltrán,A,,C,C,C,B,C,C,C,C,C,B,C,A,B,B,B,C,A,C,A
Isaksen,A,Lazio,B,B,B,B,B,B,C,C,C,C,B,C,B,B,A,B,B,C,B
Davis,A,Udinese,B,C,B,B,C,C,B,C,C,C,B,C,B,B,A,S,B,C,B
González,A,,B,C,B,B,A,B,C,C,C,C,C,B,B,B,A,C,B,C,B
Piccoli,A,Cagliari,C,B,B,C,A,C,C,C,C,A,A,A,B,C,S,C,B,C,B
Sarr,A,Verona,B,B,B,A,B,A,C,C,C,B,B,A,C,B,C,S,C,C,C
Pinamonti,A,Sassuolo,C,B,B,B,A,B,C,C,C,A,B,S,C,C,C,A,C,C,C
Baldé,A,,C,A,B,B,A,A,C,B,C,C,C,S,C,C,C,B,A,C,A
Belotti,A,,C,A,B,C,B,C,B,B,B,B,A,A,B,C,B,B,B,C,B
Fila,A,,C,A,C,C,A,B,C,B,C,A,B,B,C,C,C,B,S,S,S
Giménez,A,,C,C,C,C,C,C,C,B,C,C,S,B,C,C,C,C,S,S,A
Mosquera,A,Verona,C,B,C,C,B,C,B,C,B,B,B,B,B,C,S,B,A,C,A
Abraham,A,,C,C,C,C,C,C,B,C,B,A,C,B,A,B,S,C,C,C,C
Castellanos,A,Lazio,C,C,C,C,C,C,C,C,C,B,C,B,B,C,S,A,A,S,A
Cancellieri,A,Lazio,B,A,B,B,A,A,C,C,C,C,B,A,C,B,C,A,B,S,C
Colombo,A,Genoa,C,B,B,B,C,B,C,C,C,B,B,A,B,B,C,A,A,S,B
Jović,A,,C,A,B,C,C,C,B,B,B,B,C,S,B,C,B,S,B,C,B
Zaniolo,A,,C,C,C,B,B,B,A,B,B,C,C,C,C,C,C,C,S,S,S
Ekhator,A,Genoa,B,C,B,A,C,B,B,B,B,A,B,B,B,B,B,C,C,C,C
Sottil,A,Lecce,A,C,A,A,C,A,B,B,B,C,B,C,C,B,B,B,C,C,C
Pohjanpalo,A,,C,A,B,C,B,C,C,C,C,A,B,S,A,B,A,S,C,C,C
Bravo,A,Udinese,C,C,C,A,A,A,A,B,A,B,C,B,C,C,C,C,A,C,A
Fadera,A,Sassuolo,A,C,B,A,C,B,C,C,C,C,B,C,B,A,B,A,B,S,C
Gytkjær,A,,C,C,C,C,B,B,A,B,A,S,S,B,A,B,B,C,C,C,C
Iling-Junior,A,,C,A,C,A,B,S,S,S,A,C,C,C,C,C,C,B,C,C,C
Charpentier,A,,C,C,C,C,C,C,S,S,A,C,C,B,B,C,B,C,A,C,A
Pellegri,A,,C,A,C,S,C,A,B,B,B,C,B,B,C,C,C,B,S,C,S
Pierotti,A,Lecce,B,C,B,A,C,B,C,C,C,C,B,S,C,B,C,B,A,S,A
Simeone,A,Torino,B,C,C,C,C,C,A,A,A,C,B,C,A,C,S,C,B,C,B
Gabrielloni,A,Como,C,C,C,B,C,C,S,S,S,C,C,C,C,C,C,C,S,C,S
Kouamé,A,,A,B,A,C,C,C,B,C,B,B,C,C,A,A,S,S,C,C,C
Taremi,A,Inter,B,C,B,C,C,C,B,B,B,B,C,B,S,A,S,C,C,C,C
Ekuban,A,Genoa,B,C,C,C,C,C,A,A,B,B,A,C,A,B,S,C,B,C,B
Karlsson,A,Bologna,B,A,B,B,B,B,B,B,B,C,C,C,A,B,B,A,A,C,A
Livramento,A,,B,C,B,B,B,B,B,B,B,C,A,C,B,B,A,C,A,S,B
Nije,A,,C,A,B,C,B,C,S,S,A,C,B,B,B,C,B,B,B,C,A
Pavoletti,A,Cagliari,C,A,C,C,C,C,A,A,A,S,C,B,B,C,B,A,S,C,S
Coman,A,,C,A,B,S,S,S,B,A,B,B,B,C,C,C,C,C,S,C,S
Zanoli,A,Napoli,A,A,A,S,B,S,C,C,C,C,A,A,C,A,C,S,B,C,B
Almqvist,A,Parma,A,B,A,B,C,B,B,C,B,C,A,C,B,A,A,B,A,C,S
Mihaila,A,,A,C,B,B,B,A,C,C,C,C,C,A,S,A,S,C,B,C,B
Lambourde,A,,C,A,C,B,C,B,S,S,S,B,S,C,C,C,C,B,S,C,S
Banda,A,Lecce,A,C,A,B,C,B,B,B,B,C,A,C,S,A,A,B,B,C,B
Rebić,A,,B,A,A,B,C,C,B,B,B,C,C,C,B,B,A,S,S,S,A
Sanabria,A,Cremonese,B,B,B,B,A,A,C,C,C,S,A,S,B,B,A,C,B,C,B
Ganvoula M'Boussy,A,,A,A,S,A,A,A,C,B,C,A,A,B,S,A,B,B,C,C,C
Camarda,A,Lecce,A,A,S,C,C,C,A,A,A,A,S,C,S,A,B,B,C,C,C
Tchaouna,A,,B,A,A,C,B,C,B,B,A,C,C,C,A,B,A,B,S,S,S
Yeboah,A,,A,B,A,B,C,B,B,C,B,C,C,C,A,A,S,A,S,C,S
Marić,A,,A,A,S,B,S,A,B,B,A,B,C,C,S,A,A,C,C,C,C
Perciun,A,,A,A,S,S,B,S,S,S,B,B,C,C,,A,C,B,C,C,C
Raimondo,A,,A,A,S,C,B,C,S,S,S,C,B,C,S,A,B,B,C,C,C
Sánchez,A,,A,A,S,B,A,A,C,B,B,A,C,S,S,A,A,B,C,C,C
Vlahović,A,,A,A,S,C,C,C,S,S,A,S,S,C,S,A,B,B,C,C,C
Jasim,A,,A,A,S,S,S,S,S,S,S,C,C,C,,A,C,C,C,C,C
N'dri,A,,A,A,S,A,B,A,A,A,A,C,S,C,S,A,B,B,C,C,C
Benedyczak,A,Parma,A,A,S,A,A,A,B,A,A,B,A,B,S,A,B,B,C,C,C
Ngonge,A,Torino,A,A,S,C,C,C,A,A,S,C,C,C,S,A,B,B,S,C,S
Burnete,A,,A,A,S,C,S,B,S,S,S,S,S,C,S,A,C,C,C,C,C
Campaniello,A,,A,A,S,C,S,C,S,S,S,S,S,C,S,A,B,C,C,C,C
Cerri,A,,A,A,S,C,S,C,S,S,A,S,S,C,S,A,A,C,C,C,C
Daniel Caprini,A,,A,A,S,S,S,S,S,S,S,S,C,C,,A,C,C,C,C,C
Konate,A,,A,C,C,A,S,S,S,S,S,C,B,B,S,A,B,C,C,C,C
Lapadula,A,,A,A,S,C,A,C,A,A,A,C,C,A,S,A,A,B,A,C,A
Akpan Ankeye,A,,A,A,S,S,S,S,S,S,S,S,B,B,,A,C,C,C,C,C
Folorunsho,A,Cagliari,A,A,S,B,B,A,B,B,B,B,C,A,S,A,A,B,S,C,S
Mutandwa,A,,A,A,S,C,S,B,S,S,A,A,S,A,S,A,B,C,C,C,C
Alidou,A,,A,A,S,S,S,S,S,S,A,B,A,S,,A,C,C,C,C,C
Ajayi,A,,A,A,S,S,S,S,S,S,S,S,C,S,,A,C,C,C,C,C
Cissè,A,,A,A,S,S,S,S,S,S,S,S,C,S,,A,C,C,C,C,C
Pizarro,A,Udinese,A,A,S,S,S,S,S,S,S,S,S,S,,A,C,C,C,C,C
Balotelli,A,,A,A,S,S,S,S,S,S,S,S,B,C,,A,C,C,S,C,S
Petagna,A,,A,A,S,S,S,S,A,A,A,A,S,A,S,A,B,C,A,C,A
